id,title,featuredLevel,publishDate,price,numBedrooms,numBathrooms,propertyType,category,propertySize,longitude,latitude,sellerId,seller_name,seller_branch,sellerType,m_totalImages,m_hasVideo,m_hasVirtualTour,m_hasBrochure,ber_rating,AMV_price
3672581,"71 Cartron Bay, Sligo, Co. Sligo",standard,2022-02-04,189000,4,2,Semi-D,Buy,,-8.47898,54.279385,1227,Tommy Breheny,Oates Breheny Group,BRANDED_AGENT,11.0,False,False,False,D2,0
3672503,"Apartment 4, Block C, Sligo, Co. Sligo",standard,2022-02-04,125000,2,2,Apartment,Buy,73.0,-8.471501,54.267755,4362,Jonathan McGoldrick MIPAV MCEI,O'Sullivan McGoldrick Property Plus,UNBRANDED_AGENT,4.0,False,False,False,D2,0
3672313,"Apartment 39, Block B, Sligo, Co. Sligo",standard,2022-02-04,95000,1,1,Apartment,Buy,58.0,-8.47235,54.267497,4362,Jonathan McGoldrick MIPAV MCEI,O'Sullivan McGoldrick Property Plus,UNBRANDED_AGENT,11.0,False,False,False,D2,0
3670619,"Apartment 5, Cois Abhainn, Collooney, Co. Sligo",standard,2022-02-04,110000,2,2,Apartment,Buy,,-8.489753,54.186661,1227,Tommy Breheny,Oates Breheny Group,BRANDED_AGENT,6.0,False,False,False,B3,0
3666150,"88 Rusheen Árd, Caltragh, Sligo, Co. Sligo",standard,2022-01-05,210000,3,3,End of Terrace,Buy,95.0,-8.475577,54.257894,2820,Bryan J. Corcoran,Bryan J. Corcoran,UNBRANDED_AGENT,14.0,False,False,True,C2,0
3663243,"53 Rathbraughan Park, Ballytivnan, Sligo, Co. Sligo",standard,2022-02-06,165000,3,1,Semi-D,Buy,107.0,-8.469188,54.286176,6479,Nigel Dineen/Martin Finn Auctioneers,Nigel Dineen/Martin Finn Auctioneers,UNBRANDED_AGENT,10.0,False,False,False,D2,0
3658751,"Finnod, Easkey, Co. Sligo",standard,2022-02-04,160000,3,1,Bungalow,Buy,,-9.001512,54.280738,11249,Edel Rolston,Edel Rolston Property,UNBRANDED_AGENT,19.0,False,False,False,E2,0
3657042,"Fermoyle, Calry, Co. Sligo",standard,2021-12-20,365000,4,2,Detached,Buy,152.0,-8.39187,54.28466,9463,Tom Fox,Tom Fox,UNBRANDED_AGENT,24.0,False,False,False,C1,0
3656516,"23 Seaview Park, First Sea Road, Sligo, Co. Sligo",standard,2022-02-07,196000,3,2,Semi-D,Buy,83.0,-8.505453,54.274208,3765,Mary Fahy,O'Donnellan & Joyce,BRANDED_AGENT,8.0,False,False,False,E1,1
3655719,"40 Springfield, Sligo, Co. Sligo",standard,2022-02-04,150000,4,1,Bungalow,Buy,76.0,-8.473656,54.305055,1227,Tommy Breheny,Oates Breheny Group,BRANDED_AGENT,8.0,False,False,False,G,0
3652599,"3 Lisrua, Ballinafad, Ballinafad, Co. Sligo",standard,2022-01-10,199000,4,3,Semi-D,Buy,144.0,-8.328579,54.026094,936,Mike Smith,Smith Kelly Scott Auctioneers,BRANDED_AGENT,9.0,False,False,False,C1,0
3254638,"Market Court, Market Yard, Sligo, Co. Sligo",standard,2021-12-15,118000,3,2,Apartment,Buy,,-8.473714976810612,54.268467589971465,1335,Mary Henry,Henry Auctioneers,UNBRANDED_AGENT,2.0,False,False,False,D2,0
3652233,"Carrowpadden, Rathlee, Co. Sligo",standard,2022-02-04,185000,3,2,Bungalow,Buy,,-9.012594,54.282427,11249,Edel Rolston,Edel Rolston Property,UNBRANDED_AGENT,47.0,False,False,False,E1,0
3652512,"51 Abhainn Mor, Collooney, Co. Sligo",standard,2022-02-07,180000,4,3,Semi-D,Buy,120.0,-8.494099,54.178222,1371,David Reynolds PSPL 001017,David Reynolds Auctioneers Ltd,UNBRANDED_AGENT,20.0,False,False,False,C2,0
3650881,"Hadanem House, Carrigans Upper, Ballymote, Co. Sligo",standard,2022-02-07,325000,4,3,Bungalow,Buy,,-8.49711,54.099623,3253,Matthew Scanlon,E & M Scanlon Auctioneers & Estate Agents Ltd,UNBRANDED_AGENT,17.0,True,False,False,D1,0
3646158,"Quarryfield, Bunnanadden, Co. Sligo",standard,2021-12-07,50000,2,1,Detached,Buy,,-8.611442920580885,54.03911587355833,3737,John Murphy,Murphy & Son Auctioneers Ltd,UNBRANDED_AGENT,6.0,False,False,False,SI_666,0
3642145,"33 Cleveragh Road, Sligo, Co. Sligo",standard,2021-12-09,320000,5,5,Bungalow,Buy,201.0,-8.467848,54.264551,2820,Bryan J. Corcoran,Bryan J. Corcoran,UNBRANDED_AGENT,32.0,False,False,True,D1,0
3640560,"Ballincar, Rosses Point, Co. Sligo",standard,2022-01-20,469000,6,4,Detached,Buy,260.0,-8.512468,54.30074,1424,Sean O'Boyle,Sean O'Boyle Auctioneers & Valuers Ltd.,BRANDED_AGENT,36.0,False,False,False,C2,0
3634872,"5 Radharc Na Gcaisleán, Collooney, Co. Sligo",standard,2022-02-04,179000,4,3,Semi-D,Buy,112.0,-8.492082,54.177606,1227,Tommy Breheny,Oates Breheny Group,BRANDED_AGENT,17.0,False,False,False,C1,0
3635398,"ASHBERRY LODGE, Ashberry Lodge, Sligo, Co. Sligo",standard,2022-02-04,325000,7,7,Detached,Buy,302.0,-8.456142,54.276994,2821,Shane Flanagan,DNG Flanagan Ford,BRANDED_AGENT,26.0,True,False,False,B3,0
3628549,"Doonally, Calry, Co. Sligo",standard,2022-01-18,380000,3,2,Semi-D,Buy,97.0,-8.439335,54.294373,1114,Patsy Smith,D.M. Auctions Ltd,UNBRANDED_AGENT,6.0,False,False,False,D1,0
3627231,"46 John Street, Sligo, Co. Sligo",standard,2022-02-04,145000,4,2,Terrace,Buy,126.0,-8.478846,54.270357,1227,Tommy Breheny,Oates Breheny Group,BRANDED_AGENT,4.0,False,False,False,F,0
3621997,"53 Thornhill, Sligo, Co. Sligo",standard,2021-12-02,265000,5,2,Semi-D,Buy,135.0,-8.492907,54.269446,2820,Bryan J. Corcoran,Bryan J. Corcoran,UNBRANDED_AGENT,20.0,False,False,False,D2,0
3611320,"Lavally, Ballymote, Co. Sligo",standard,2022-01-18,120000,2,1,Detached,Buy,80.0,-8.477232800582584,54.094068939277975,1114,Patsy Smith,D.M. Auctions Ltd,UNBRANDED_AGENT,9.0,False,False,False,SI_666,0
3610651,"8 Corradoo Cottages, Boyle, Ballinafad, Co. Sligo",standard,2022-02-07,100000,3,1,Terrace,Buy,,-8.358466,54.020108,2243,Seamus Carthy,REA Seamus Carthy,UNBRANDED_AGENT,11.0,False,False,False,C1,1
3610502,"Annagh, Riverstown, Co. Sligo",standard,2021-11-12,109000,3,1,Detached,Buy,,-8.354213,54.091219,936,Mike Smith,Smith Kelly Scott Auctioneers,BRANDED_AGENT,20.0,False,False,False,D2,0
3555668,"Drumcliffe South, Drumcliff, Co. Sligo",standard,2021-10-29,480000,4,1,Detached,Buy,151.0,-8.491613,54.321662,9463,Tom Fox,Tom Fox,UNBRANDED_AGENT,8.0,False,False,False,C3,0
3587395,"Knockrower, Bunnanadden, Co. Sligo",standard,2022-02-07,95000,3,1,Detached,Buy,,-8.589593,54.030808,5955,Brendan Kenny,Connaught Property,UNBRANDED_AGENT,21.0,False,False,False,G,0
3586837,"Bayview, Ballisodare, Co. Sligo",standard,2022-02-04,129000,3,2,Semi-D,Buy,113.0,-8.511536,54.211272,2821,Shane Flanagan,DNG Flanagan Ford,BRANDED_AGENT,16.0,True,False,False,F,0
3558231,"17 Innishfree Court, Tonaphubble, Sligo, Co. Sligo",standard,2021-12-09,235000,4,4,Terrace,Buy,101.0,-8.460313,54.258839,2820,Bryan J. Corcoran,Bryan J. Corcoran,UNBRANDED_AGENT,13.0,False,False,False,B3,0
3579521,"3 Valley of Diamonds House, Pier Road, Enniscrone, Co. Sligo",standard,2022-02-03,125000,3,2,Duplex,Buy,114.0,-9.091265,54.214035,2789,Michael Boland,DNG Michael Boland,UNBRANDED_AGENT,15.0,False,False,False,C3,1
3577507,"19 The Meadows, Enniscrone, Co. Sligo",standard,2022-02-04,250000,4,2,Semi-D,Buy,,-9.079783,54.211712,11249,Edel Rolston,Edel Rolston Property,UNBRANDED_AGENT,25.0,False,False,False,C2,0
3575885,"Dunromin, Pearse Road, Sligo, Co. Sligo",standard,2022-02-07,250000,3,1,Detached,Buy,132.0,-8.468494,54.26478,1371,David Reynolds PSPL 001017,David Reynolds Auctioneers Ltd,UNBRANDED_AGENT,14.0,False,False,False,E2,0
3477469,"Wren Lodge, Shore Road, Knocknahur, Sligo, Co. Sligo",standard,2022-02-04,725000,5,4,Detached,Buy,350.0,-8.559655,54.232219,1227,Pauric Oates,Oates Breheny Group,BRANDED_AGENT,42.0,True,False,False,B1,0
3563040,"Barnacoghil, Templeboy, Co. Sligo",standard,2022-02-04,70000,3,1,Bungalow,Buy,,-8.822654,54.236361,11249,Edel Rolston,Edel Rolston Property,UNBRANDED_AGENT,27.0,False,False,False,G,0
3556548,"Achonry, Tubbercurry, Co. Sligo",standard,2022-02-07,40000,2,1,Detached,Buy,90.0,-8.679656,54.064256,3033,Gerard Hanley MIPAV REV MMCEPI,Sherry FitzGerald Hanley,BRANDED_AGENT,14.0,False,False,False,XXX,0
3551866,"Stoneparks, Ballymote, Co. Sligo",standard,2022-02-07,82500,2,1,Semi-D,Buy,119.0,-8.517341,54.090454,3253,Matthew Scanlon,E & M Scanlon Auctioneers & Estate Agents Ltd,UNBRANDED_AGENT,17.0,False,False,False,G,0
3549723,"11 Pearse Crescent, Sligo, Co. Sligo",standard,2022-02-04,220000,5,2,Semi-D,Buy,164.0,-8.465844,54.260256,1333,Mark Mulholland,Property Partners Mulholland,UNBRANDED_AGENT,17.0,False,False,False,F,0
3535459,"Greyfield, Culfadda, Culfadda, Co. Sligo",standard,2021-12-07,170000,4,1,Detached,Buy,104.0,-8.492573,54.026056,936,Cian Smith MIPAV,Smith Kelly Scott Auctioneers,BRANDED_AGENT,11.0,False,False,False,D2,0
3527692,"Seafields Kileenduff Easkey, Easkey, Co. Sligo",standard,2022-01-26,1850000,7,6,Detached,Buy,492.0,-8.943022107768002,54.283864747630616,1209728,Alexandra Love,private,PRIVATE_USER,34.0,False,False,False,SI_666,0
3523926,"Garryduff, Templeboy, Co. Sligo",standard,2022-02-07,270000,5,3,Detached,Buy,181.0,-8.770793,54.259338,2823,Niall Draper,Sherry FitzGerald Draper,BRANDED_AGENT,28.0,True,False,False,C3,0
3510946,"Eagle Heights B&B, Muckduff, Enniscrone, Co. Sligo",standard,2022-02-07,465000,12,10,Detached,Buy,311.0,-9.098371,54.208145,1603,Karl Fox,Fox & Gallagher,UNBRANDED_AGENT,29.0,False,False,False,XXX,0
3508898,"Quarryfield, Bunnanaddan, Bunnanadden, Co. Sligo",standard,2022-02-06,90000,2,1,Bungalow,Buy,,-8.623415,54.045831,6479,Nigel Dineen/Martin Finn Auctioneers,Nigel Dineen/Martin Finn Auctioneers,UNBRANDED_AGENT,12.0,False,False,False,G,0
3465252,"134 Rusheen Árd, Caltragh, Sligo, Co. Sligo",standard,2021-12-10,239000,4,3,Semi-D,Buy,111.0,-8.471816,54.258343,1424,Sean O'Boyle,Sean O'Boyle Auctioneers & Valuers Ltd.,BRANDED_AGENT,21.0,True,False,False,B3,0
3474432,"Kiltycahill, Sligo, Co. Sligo",standard,2022-02-04,699000,4,4,Detached,Buy,300.0,-8.410702,54.272705,4362,Jonathan McGoldrick MIPAV MCEI,O'Sullivan McGoldrick Property Plus,UNBRANDED_AGENT,26.0,True,False,False,B3,0
3473139,"Mullaun, Cloonacool, Co. Sligo",standard,2022-02-07,160000,4,3,Detached,Buy,202.0,-8.783588369930271,54.095497692366024,3253,Eamon Scanlon,E & M Scanlon Auctioneers & Estate Agents Ltd,UNBRANDED_AGENT,33.0,False,False,False,A2,0
3467452,"Traditional Cottage on 3.5 Acres, Ballintogher, Co. Sligo",standard,2021-11-27,45000,2,1,Detached,Buy,,-8.333356800874327,54.16229899804412,5205475,Private User,private,PRIVATE_USER,17.0,False,False,False,SI_666,0
3466647,"9 Silverhill, Ballisodare, Co. Sligo",standard,2021-07-16,165000,4,1,Terrace,Buy,107.0,-8.515918,54.210971,3539,Clarke Auctioneers,Gerard Clarke & Sons,UNBRANDED_AGENT,21.0,False,False,False,D2,0
3460928,"Knockgrania, Bunnanadden, Co. Sligo",standard,2021-11-18,75000,3,1,Detached,Buy,98.0,-8.569668,54.025371,3737,John Murphy,Murphy & Son Auctioneers Ltd,UNBRANDED_AGENT,11.0,False,False,False,G,0
3432559,"200 River Road, Cartron, Sligo, Co. Sligo",standard,2021-12-10,145000,3,2,Semi-D,Buy,109.0,-8.485054,54.280952,1424,Sean O'Boyle,Sean O'Boyle Auctioneers & Valuers Ltd.,BRANDED_AGENT,19.0,False,False,False,F,0
3216427,"Lough Gara Lodge, Monasteraden, Co. Sligo",standard,2022-02-07,325000,8,9,Detached,Buy,500.0,-8.49763971630864,53.94347952013997,333651,Ivan Campbell,private,PRIVATE_USER,32.0,False,False,False,C1,0
3227413,"5 An Sean Bhaile, Bellaghy, Bellaghy, Co. Sligo",standard,2022-02-07,105000,2,2,Apartment,Buy,,-8.794459,53.967336,5955,Brendan Kenny,Connaught Property,UNBRANDED_AGENT,14.0,False,False,False,C3,0
3191580,"The Lane, Rathlee, Co. Sligo",standard,2021-12-11,399000,6,4,Bungalow,Buy,280.0,-9.014547676078763,54.270058942923384,574561,Eamonn Ryan,private,PRIVATE_USER,21.0,False,False,False,B3,0
3200118,"Apartment 1, Fishermans Wharf, Sligo, Co. Sligo",standard,2022-02-04,99000,2,1,Apartment,Buy,60.0,-8.475489,54.273267,1227,Tommy Breheny,Oates Breheny Group,BRANDED_AGENT,4.0,False,False,False,E1,0
2837215,"Ballymote Road, Tubbercurry, Co. Sligo",standard,2021-06-10,225000,6,6,Detached,Buy,200.0,-8.723222,54.052386,3737,John Murphy,Murphy & Son Auctioneers Ltd,UNBRANDED_AGENT,15.0,True,False,False,D2,0
2746999,"8 Owenmore Paddock, Ballinacarrow, Co. Sligo",standard,2020-11-28,85000,4,1,End of Terrace,Buy,,-8.561919,54.133152,9463,Tom Fox,Tom Fox,UNBRANDED_AGENT,1.0,False,False,False,SI_666,0
1531045,"Emmet Street, Tubbercurry, Co. Sligo",standard,2022-02-07,53500,1,2,Terrace,Buy,,-8.728201,54.053962,5955,Brendan Kenny,Connaught Property,UNBRANDED_AGENT,5.0,False,False,False,XXX,0
30348,"Humbert Street, Tubbercurry, Co. Sligo",standard,2021-12-13,60000,3,1,Terrace,Buy,,-8.729179501533508,54.05478402582016,3737,John Murphy,Murphy & Son Auctioneers Ltd,UNBRANDED_AGENT,5.0,False,False,False,G,0
3422906,"Emerald Cottages, Off Grand Canal Street Upper, Dublin 4",basic,2022-02-07,950000,3,1,Houses,New Homes,,-6.2360975969021695,53.33820099768147,6498,Owen Reilly.,Owen Reilly,UNBRANDED_AGENT,22.0,False,True,False,A2,0
3557622,"Bower Hill, Bower Hill, Athlone, Co. Westmeath",basic,2021-11-05,310000,3,1,Houses,New Homes,,-7.924643,53.42291,2198,Helena Kenny,Sherry FitzGerald O'Meara,BRANDED_AGENT,0.0,False,False,False,XXX,0
3549872,"The Sheldon, The Gallops, Clonee, Dublin 15, Clonee, Dublin 15",basic,2022-02-01,925000,5,1,Houses,New Homes,,-6.44499251961426,53.400965362577324,7490,John Newcombe MIPAV 002173,Newcombe Estates,BRANDED_AGENT,9.0,True,False,False,A2,0
3548817,"Curryhills, Prosperous, Co. Kildare",basic,2021-11-15,420000,4,1,Houses,New Homes,,-6.751223321450482,53.28715425109007,664,Gero Gannon M.I.P.A.V.,Sherry FitzGerald Reilly,BRANDED_AGENT,4.0,False,False,False,A2,0
3543554,"Coolkellure , Lehenaghmore, Co. Cork",basic,2022-02-07,549950,4,1,Houses,New Homes,,-8.486073080723884,51.86437069263758,7811,Philip - 085 2574118,New Homes Direct,BRANDED_AGENT,3.0,False,False,False,A3,0
3536331,"The Gaels' Rest, The Gaels' Rest, Clonattin Road, Gorey, Co. Wexford",basic,2022-02-07,370000,4,1,Houses,New Homes,,-6.279982,52.677624,3255,Damien McCaul,Sherry FitzGerald O'Leary Kinsella,BRANDED_AGENT,3.0,False,False,False,A2,0
3514397,"Lighthouse View, Cahersiveen, Cahersiveen, Co. Kerry",basic,2022-01-14,300000,4,1,Houses,New Homes,,-10.235446977674712,51.93519719973591,2933,Seamus Fitzgerald,Fitzgerald & O'Connor D.A.C,UNBRANDED_AGENT,23.0,False,False,False,XXX,0
3496837,"Rossbrin, Detached, Executive Styled Homes, Little Island, Co. Cork",basic,2021-11-29,469950,4,1,Houses,New Homes,,-8.333917232299399,51.90112719352382,7811,Philip - 085 2574118,New Homes Direct,BRANDED_AGENT,13.0,False,False,False,A3,0
3423109,"Rosehill Court , Kilkenny, Co. Kilkenny",basic,2022-01-26,340000,3,1,Houses,New Homes,,-7.248005374841714,52.653466836705974,2743,Sales Team,DNG Ella Dunphy,BRANDED_AGENT,4.0,False,False,False,A2,0
3435811,"Sli Na Coille, Belturbet, Co. Cavan",basic,2022-02-07,250000,3,1,Houses,New Homes,,-7.457050578212062,54.10004665320943,6396,Val McCaul,Terry Hyland Estate Agents,UNBRANDED_AGENT,27.0,False,False,False,A2,0
3474268,"Loughvella, Ennis, Co. Clare",basic,2022-02-02,475000,5,1,Houses,New Homes,,-9.009456353001667,52.85326721069856,3242,Douglas Hurley,DNG O'Sullivan Hurley Property & Financial Services,BRANDED_AGENT,8.0,False,False,False,XXX,0
3205358,"Silverbrook, Silverbrook, Arden Road, Tullamore, Co. Offaly",basic,2022-02-07,354900,4,1,Houses,New Homes,,-7.497028,53.293296,2811,Hilary Hamill,Sherry FitzGerald Lewis Hamill,BRANDED_AGENT,16.0,False,False,False,A3,0
1401313,"Lansdowne Place, Ballsbridge, Dublin 4",premium,2022-02-07,800000,1,2,Apartment,New Homes,,-6.232123360543824,53.33341743627248,2619,Beverly Ensor,Savills Molesworth Street,BRANDED_AGENT,18.0,False,False,False,A2,0
1401314,"Lansdowne Place, Ballsbridge, Dublin 4",premium,2022-02-07,925000,2,2,Apartment,New Homes,,-6.232123360543824,53.33341743627248,2619,Beverly Ensor,Savills Molesworth Street,BRANDED_AGENT,22.0,False,False,False,A2,0
3622239,"Lansdowne Place, Ballsbridge, Dublin 4",premium,2022-02-07,1750000,3,3,Duplex,New Homes,,-6.232123360543824,53.33341743627248,2619,Beverly Ensor,Savills Molesworth Street,BRANDED_AGENT,10.0,True,False,False,A2,0
1401312,"Lansdowne Place, Ballsbridge, Dublin 4",premium,2022-02-07,2150000,3,3,Apartment,New Homes,,-6.232123360543824,53.33341743627248,2619,Beverly Ensor,Savills Molesworth Street,BRANDED_AGENT,22.0,False,False,False,A2,0
3654063,"Ros Mór, Ballyneety Road, Co. Limerick",premium,2022-02-07,315000,3,3,Semi-D,New Homes,,-8.584179241215878,52.64501766310835,2760,Briain Considine,Rooney Auctioneers -Limerick,BRANDED_AGENT,4.0,False,False,False,A2,0
3652219,"Ros Mór, Ballyneety Road, Co. Limerick",premium,2022-02-07,340000,4,3,Semi-D,New Homes,,-8.584179241215878,52.64501766310835,2760,Briain Considine,Rooney Auctioneers -Limerick,BRANDED_AGENT,29.0,False,False,False,A2,0
3643172,"Clochán, Kilmeadan, Co. Waterford",premium,2022-01-27,280000,3,3,Semi-D,New Homes,,-7.235633582306178,52.22846323363689,6000,S.E. Construction (Kent) Ltd,S. E. Construction (Kent) Ltd,UNBRANDED_AGENT,4.0,False,False,False,A2,0
3643170,"Clochán, Kilmeadan, Co. Waterford",premium,2022-01-27,345000,4,3,Semi-D,New Homes,,-7.235633582306178,52.22846323363689,6000,S.E. Construction (Kent) Ltd,S. E. Construction (Kent) Ltd,UNBRANDED_AGENT,4.0,False,False,False,A2,0
3643171,"Clochán, Kilmeadan, Co. Waterford",premium,2022-01-27,390000,4,3,Detached,New Homes,,-7.235633582306178,52.22846323363689,6000,S.E. Construction (Kent) Ltd,S. E. Construction (Kent) Ltd,UNBRANDED_AGENT,3.0,False,False,False,A2,0
3643168,"Clochán, Kilmeadan, Co. Waterford",premium,2022-01-27,420000,4,3,Detached,New Homes,,-7.235633582306178,52.22846323363689,6000,S.E. Construction (Kent) Ltd,S. E. Construction (Kent) Ltd,UNBRANDED_AGENT,3.0,False,False,False,A2,0
3638060,"Dun Uisce, Cahir, Co. Tipperary",premium,2021-11-29,245000,3,3,Semi-D,New Homes,,-7.910400832587612,52.381132781689104,1526,Liam O'Grady,DNG Liam O'Grady Auctioneers,BRANDED_AGENT,20.0,False,False,True,B2,0
3593505,"Fox Meadow, Loughmacask, Kilkenny, Co. Kilkenny",premium,2022-01-26,410000,4,3,Semi-D,New Homes,,-7.2705129037048835,52.65921219756217,2743,Sales Team,DNG Ella Dunphy,BRANDED_AGENT,1.0,False,False,True,A2,0
3593504,"Fox Meadow, Loughmacask, Kilkenny, Co. Kilkenny",premium,2022-01-26,435000,4,3,Semi-D,New Homes,,-7.2705129037048835,52.65921219756217,2743,Sales Team,DNG Ella Dunphy,BRANDED_AGENT,1.0,False,False,True,A2,0
3593503,"Fox Meadow, Loughmacask, Kilkenny, Co. Kilkenny",premium,2022-01-26,655000,5,3,Detached,New Homes,,-7.2705129037048835,52.65921219756217,2743,Sales Team,DNG Ella Dunphy,BRANDED_AGENT,1.0,False,False,True,A2,0
3593501,"Fox Meadow, Loughmacask, Kilkenny, Co. Kilkenny",premium,2022-01-26,655000,5,3,Detached,New Homes,,-7.2705129037048835,52.65921219756217,2743,Sales Team,DNG Ella Dunphy,BRANDED_AGENT,1.0,False,False,True,A2,0
3507932,"Dromdiah Park, Killeagh, Co. Cork",premium,2022-01-04,240000,2,2,Terrace,New Homes,,-7.9995719091962485,51.94002018848553,2178,Adrianna Hegarty,Hegarty-Properties,BRANDED_AGENT,11.0,False,False,False,A2,0
3507934,"Dromdiah Park, Killeagh, Co. Cork",premium,2022-01-04,250000,2,2,End of Terrace,New Homes,,-7.9995719091962485,51.94002018848553,2178,Adrianna Hegarty,Hegarty-Properties,BRANDED_AGENT,11.0,False,False,False,A2,0
3506530,"Dromdiah Park, Killeagh, Co. Cork",premium,2022-01-04,280000,3,3,Townhouse,New Homes,,-7.9995719091962485,51.94002018848553,2178,Adrianna Hegarty,Hegarty-Properties,BRANDED_AGENT,10.0,False,False,False,A2,0
3506532,"Dromdiah Park, Killeagh, Co. Cork",premium,2022-01-04,290000,3,3,End of Terrace,New Homes,,-7.9995719091962485,51.94002018848553,2178,Adrianna Hegarty,Hegarty-Properties,BRANDED_AGENT,10.0,False,False,False,A2,0
3507933,"Dromdiah Park, Killeagh, Co. Cork",premium,2022-01-04,295000,3,3,Semi-D,New Homes,,-7.9995719091962485,51.94002018848553,2178,Adrianna Hegarty,Hegarty-Properties,BRANDED_AGENT,7.0,False,False,False,A2,0
3606906,"Dromdiah Park, Killeagh, Co. Cork",premium,2022-01-04,350000,4,3,Semi-D,New Homes,,-7.9995719091962485,51.94002018848553,2178,Adrianna Hegarty,Hegarty-Properties,BRANDED_AGENT,7.0,False,False,False,A2,0
3613369,"Wilmount View, Moynalty Road, Kells, Kells, Co. Meath",premium,2022-02-07,265000,2,3,End of Terrace,New Homes,,-6.884168678808862,53.73537529218743,893,Kells Office - 003508.,ALLIANCE AUCTIONEERS,BRANDED_AGENT,1.0,False,False,False,A2,0
3702065,"Wilmount View, Moynalty Road, Kells, Kells, Co. Meath",premium,2022-02-07,320000,3,3,Terrace,New Homes,,-6.884168678808862,53.73537529218743,893,Kells Office - 003508.,ALLIANCE AUCTIONEERS,BRANDED_AGENT,4.0,False,False,False,A2,0
3611961,"Pairc an Aonaigh, Mogeely, Midleton, Co. Cork",premium,2022-02-07,345000,4,3,Semi-D,New Homes,,-8.051393088882037,51.932833887023776,1957,Cronin Wall,Cronin Wall Properties,BRANDED_AGENT,25.0,False,False,False,A2,0
3616120,"Pairc an Aonaigh, Mogeely, Midleton, Co. Cork",premium,2022-02-07,345000,4,3,Semi-D,New Homes,,-8.051393088882037,51.932833887023776,1957,Cronin Wall,Cronin Wall Properties,BRANDED_AGENT,25.0,False,False,False,A2,0
3595320,"Strettel Avenue, Ballitore, Ballitore, Co. Kildare",premium,2022-02-07,280000,3,3,Semi-D,New Homes,,-6.815975010141557,53.00821738601758,893,Kells Office - 003508.,ALLIANCE AUCTIONEERS,BRANDED_AGENT,7.0,False,False,False,A2,0
1151463,"Rath Ullord, New Orchard, Kilkenny, Co. Kilkenny",premium,2022-02-07,429000,4,2,Semi-D,New Homes,,-7.234891523568308,52.67189077477643,2739,Warren McCreery B.Sc. MRICS,"Warren McCreery Auctioneers, Valuers, Estate Agents",BRANDED_AGENT,1.0,False,False,True,A3,0
1146062,"Rath Ullord, New Orchard, Kilkenny, Co. Kilkenny",premium,2022-02-07,469000,4,2,Detached,New Homes,,-7.234891523568308,52.67189077477643,2739,Warren McCreery B.Sc. MRICS,"Warren McCreery Auctioneers, Valuers, Estate Agents",BRANDED_AGENT,7.0,False,False,True,A3,0
2753310,"Rath Ullord, New Orchard, Kilkenny, Co. Kilkenny",premium,2022-02-07,469000,4,3,Detached,New Homes,,-7.234891523568308,52.67189077477643,2739,Warren McCreery B.Sc. MRICS,"Warren McCreery Auctioneers, Valuers, Estate Agents",BRANDED_AGENT,1.0,False,False,True,A2,0
1478753,"Rath Ullord, New Orchard, Kilkenny, Co. Kilkenny",premium,2022-02-07,539000,5,3,Detached,New Homes,,-7.234891523568308,52.67189077477643,2739,Warren McCreery B.Sc. MRICS,"Warren McCreery Auctioneers, Valuers, Estate Agents",BRANDED_AGENT,29.0,False,True,True,A3,0
2599493,"Castleview, Williamstown Road, Co. Waterford",premium,2022-02-07,645000,4,4,Detached,New Homes,,-7.065116154398595,52.230281388673234,7546,Thomas Reid MIPAV MMCEPI PSRA Lic. No. 004069 - 007868,DNG Reid & Coppinger,BRANDED_AGENT,15.0,False,False,True,A2,0
2599494,"Castleview, Williamstown Road, Co. Waterford",premium,2022-02-07,685000,5,4,Detached,New Homes,,-7.065116154398595,52.230281388673234,7546,Thomas Reid MIPAV MMCEPI PSRA Lic. No. 004069 - 007868,DNG Reid & Coppinger,BRANDED_AGENT,10.0,False,False,True,A2,0
3589598,"Maryborough Village, Portlaoise, Co. Laois",standard,2021-12-30,275000,3,3,End of Terrace,New Homes,,-7.325866782299499,53.03804794639119,2746,John Dunne,Hume Auctioneers,BRANDED_AGENT,53.0,False,False,False,A3,0
1492836,"Maryborough Village, Portlaoise, Co. Laois",standard,2021-12-30,300000,3,3,Semi-D,New Homes,,-7.325866782299499,53.03804794639119,2746,John Dunne,Hume Auctioneers,BRANDED_AGENT,56.0,True,False,False,A3,0
3589600,"Maryborough Village, Portlaoise, Co. Laois",standard,2021-12-30,375000,4,2,Bungalow,New Homes,,-7.325866782299499,53.03804794639119,2746,John Dunne,Hume Auctioneers,BRANDED_AGENT,50.0,False,False,False,A3,0
3702454,"33a Castle Manor, Roscommon Town, Co. Roscommon",basic,2022-02-07,240000,3,1,Houses,New Homes,,-8.200703465378183,53.64182393707313,11754,Cormac Sheehy,Remax Team Earley,BRANDED_AGENT,4.0,False,False,False,A1,0
3698991,"Curragh Ard, Kanturk, Co. Cork",basic,2022-02-02,325000,4,1,Houses,New Homes,,-8.910354431987855,52.17688763239059,3948,DNG John Ryan,DNG John Ryan,BRANDED_AGENT,8.0,True,False,False,A2,0
3697424,"Annagual View, Eadestown, Naas, Co. Kildare",basic,2022-02-01,750000,4,1,Houses,New Homes,,-6.571819175729502,53.20709792711162,2608,J.P. & M Doyle Terenure,J. P. & M. Doyle,BRANDED_AGENT,19.0,False,False,False,XXX,0
2610279,"Ledwill Park, Ledwill Park, Kilcock, Co. Kildare",basic,2022-02-07,415000,3,1,Houses,New Homes,,-6.665098,53.394309,924,Eamon O'Flaherty,Sherry Fitzgerald Brady O'Flaherty,BRANDED_AGENT,28.0,True,False,False,A3,0
3579620,"New Build, Ahiohill, Clonakilty, Co. Cork",basic,2021-11-15,495000,4,1,Houses,New Homes,,-8.884942234300496,51.70610752357007,2588,Andy Donoghue,Hodnett Forde Property Services,BRANDED_AGENT,23.0,False,False,False,A3,0
1442020,"Beechpark, Beechpark, Cabinteely, Dublin 18",basic,2022-02-07,750000,4,1,Houses,New Homes,,-6.145767,53.255909,9634,Angela McCabe,Sherry FitzGerald New Homes,BRANDED_AGENT,16.0,False,False,False,A2,0
3646674,"Bregawn, Cashel, Co. Tipperary",basic,2022-01-26,300000,4,1,Houses,New Homes,,-7.88078146966356,52.51311106398748,2829,Dermot Power,Power & Walsh,UNBRANDED_AGENT,2.0,False,False,False,A2,0
3646643,"Bregawn Estate, Cashel, Co. Tipperary",basic,2022-02-07,300000,4,1,Houses,New Homes,,-7.8803212803708504,52.51456984557922,9211,Nicholas Maher,Maher Auctioneers,BRANDED_AGENT,14.0,False,False,False,XXX,0
3169867,"Barraduff , Killarney, Co. Kerry",basic,2022-02-07,285000,3,1,Houses,New Homes,,-9.464114008683936,52.05408715355304,1918,Darragh O Se,Property Partners Daly O'Se,UNBRANDED_AGENT,21.0,False,False,False,A2,0
3642398,"Lahinch Court, School Road V95DA3W, Lahinch, Co. Clare",basic,2021-12-02,510000,4,1,Houses,New Homes,,-9.342051045346977,52.93058563491846,2548,David Costelloe,Costelloe Estate Agents,BRANDED_AGENT,6.0,False,False,False,A2,0
3187467,"Cluain Cairn, Station Road, Carrigtwohill, Co. Cork",basic,2022-01-28,480000,4,1,Houses,New Homes,,-8.2614181366977,51.91479803669321,1196,Sean Mc Carthy,ERA Downey McCarthy,BRANDED_AGENT,8.0,False,False,False,A3,0
1466390,"Sandyford Green, Sandyford, Dublin 18",basic,2022-02-07,925000,5,1,Houses,New Homes,,-6.227660279701695,53.270671655684154,4219,Jeremy Kelly,Kelly Walsh,UNBRANDED_AGENT,15.0,False,False,False,A2,0
3629551,"Farnan Wood, Downings North, Prosperous, Co. Kildare",basic,2021-11-29,395000,4,1,Houses,New Homes,,-6.761855838228996,53.28794580039437,737,Coonan Naas,Coonan Property,UNBRANDED_AGENT,8.0,False,False,False,A2,0
3620653,"Nephin Road, Nephin Road Dublin 7, Dublin 7",basic,2021-11-20,795000,4,1,Houses,New Homes,,-6.309183627368327,53.36424453776485,3112,Jim O'Connell,O'Connell Properties,UNBRANDED_AGENT,2.0,False,False,False,XXX,0
3549884,"The Shelby, The Gallops, Clonee, Dublin 15, Clonee, Dublin 15",basic,2022-02-01,935000,5,1,Houses,New Homes,,-6.44504361496945,53.40096584108238,7490,John Newcombe MIPAV 002173,Newcombe Estates,BRANDED_AGENT,9.0,True,False,False,A2,0
3549899,"The Shelby, The Gallops, Clonee, Co Meath , Clonee, Co. Meath",basic,2022-02-01,935000,5,1,Houses,New Homes,,-6.445523423978727,53.40071935328481,7490,John Newcombe MIPAV 002173,Newcombe Estates,BRANDED_AGENT,9.0,True,False,False,A2,0
3549913,"The Sheldon, The Gallops, Clonee, Co Meath , Clonee, Co. Meath",basic,2022-02-01,925000,5,1,Houses,New Homes,,-6.445330006151863,53.400776354235916,7490,John Newcombe MIPAV 002173,Newcombe Estates,BRANDED_AGENT,9.0,True,False,False,A2,0
3605161,"The Charleston Town Homes, Ranelagh, Dublin 6",basic,2022-02-07,2500000,4,1,Houses,New Homes,,-6.259709840972818,53.32348536493012,262,Michael McDonagh,Youngs Estate Agents,BRANDED_AGENT,21.0,True,False,False,A1,0
3559506,"Glencree, Newport, Co. Tipperary",basic,2022-01-12,250000,3,1,Houses,New Homes,,-8.402113385809514,52.7098387938814,7992,Diarmuid Madigan,M&C Property,BRANDED_AGENT,6.0,False,False,False,A3,0
3581357,"WestPoint, The Mullans, Donegal Town, Co. Donegal",basic,2021-12-28,265000,3,1,Houses,New Homes,,-8.11583688030791,54.65676885876215,3956,Rory Dorrian,DNG Dorrian,BRANDED_AGENT,23.0,False,True,False,A2,0
3170486,"Rath Wood, Prosperous, Co. Kildare",basic,2022-01-21,420000,4,1,Houses,New Homes,,-6.758857482041975,53.28800212025956,664,Gero Gannon M.I.P.A.V.,Sherry FitzGerald Reilly,BRANDED_AGENT,4.0,False,False,False,A2,0
3573943,"Cluain Na Greine, Clonygowan , Clonygowan, Co. Offaly",basic,2022-02-07,280000,3,1,Houses,New Homes,,-7.280019860231278,53.18709585250747,8741,"Karen O'Brien, Auctioneer.",Elite Estate Agents,BRANDED_AGENT,2.0,False,False,False,A3,0
3179404,"Greenmount Court HX, Harold's Cross, Dublin 6W",basic,2022-01-26,750000,3,1,Houses,New Homes,,-6.279269586023162,53.328054146346346,8836,Dean Lowe,DNG,BRANDED_AGENT,21.0,True,False,False,XXX,0
1121736,"Marianella , Rathgar, Dublin 6",basic,2022-02-07,950000,3,1,Houses,New Homes,,-6.269597674080501,53.3078278173606,5331,Anthony Grehan,Knight Frank,BRANDED_AGENT,10.0,False,True,False,A2,0
1117909,"Clog Na Léinn, Collinstown, Co. Westmeath",basic,2022-01-25,395000,4,1,Houses,New Homes,,-7.214773733983293,53.64777922702061,2840,Jennifer Walsh,Sherry FitzGerald Davitt & Davitt,BRANDED_AGENT,36.0,True,False,False,A1,0
3155572,"Woodstream, Coolaney, Co. Sligo",basic,2022-02-07,195000,3,1,Houses,New Homes,,-8.609738870290585,54.16614770745926,1371,David Reynolds PSPL 001017,David Reynolds Auctioneers Ltd,UNBRANDED_AGENT,13.0,False,False,False,A2,0
2917424,"Ceide Spris, Park Road, Killarney, Co. Kerry",basic,2022-01-10,385000,3,1,Houses,New Homes,,-9.500566438924864,52.06223347086572,3442,William Hennigan,William Hennigan Auctioneer,UNBRANDED_AGENT,2.0,False,False,False,A2,0
2892070,"Revington Gardens, North Circular Road, North Circular Road, Co. Limerick",basic,2022-02-07,650000,4,1,Houses,New Homes,,-8.653520213336293,52.66438584547183,2760,Rooney Auctioneers,Rooney Auctioneers -Limerick,BRANDED_AGENT,53.0,True,False,False,A2,0
2603476,"Spanish Walk at Convent Garden, Kinsale, Kinsale, Co. Cork",basic,2022-02-02,440000,3,1,Houses,New Homes,,-8.523984922066376,51.703660219144666,1577,Catherine McAuliffe,Savills Cork,BRANDED_AGENT,15.0,False,True,False,A2,0
2594870,"The Terrace, The Terrace, Foxrock, Dublin 18",basic,2022-02-07,2000000,4,1,Houses,New Homes,,-6.183774,53.267151,10019,Rena O'Kelly,Sherry FitzGerald Foxrock,BRANDED_AGENT,39.0,False,False,False,A3,0
1117985,"Martello, Martello, Rushbrooke, Cobh, Co. Cork",basic,2021-09-28,345000,4,1,Houses,New Homes,,-8.315556,51.849705,2559,Paul O'Shea,Sherry FitzGerald Cork,BRANDED_AGENT,34.0,False,False,False,A3,0
1485530,"Clog Na Léinn, Collinstown, Co. Westmeath",basic,2022-02-07,395000,4,1,Houses,New Homes,,-7.212145308026265,53.647194149836714,366,Robert Forbes,Forbes Property,BRANDED_AGENT,24.0,False,True,False,A1,0
1117980,"Castle Park, Killycard, Castleblayney, Co. Monaghan",basic,2022-01-14,269000,3,1,Houses,New Homes,,-6.753848385953688,54.115088189289196,4705,DNG John O' Brien Office,DNG John O’Brien,UNBRANDED_AGENT,14.0,True,False,False,A3,0
1118108,"SeaGreen Park, Sea, Green Park, Blacklion, Greystones, Co. Wicklow",basic,2022-01-31,545000,4,1,Houses,New Homes,,-6.086274,53.14609,9634,Jackie Horan,Sherry FitzGerald New Homes,BRANDED_AGENT,25.0,False,False,False,A2,0
1137830,"Revington Gardens, North Circular Road, North Circular Road, Co. Limerick",basic,2021-06-21,650000,4,1,Houses,New Homes,,-8.652927471760904,52.66455814019876,2299,Tom Hickey,Hickey O'Donoghue Auctioneers Ltd.,BRANDED_AGENT,38.0,False,True,False,A2,0
